{"0": [0.0, 2.336082173396516e-05], "1": [0.0, 1.271422236907286e-08], "2": [0.0, 3.072712809755834e-08], "3": [0.0, 2.3037718450273566e-07], "4": [0.0, 3.898682988411212e-10], "5": [0.0, 0.0], "6": [0.0, 0.0], "7": [0.0, 1.3953948731045741e-09], "8": [0.0, 3.08903185675799e-09], "9": [0.0, 0.053269725585073424], "10": [0.0, 0.13319703931257923], "11": [0.0, 5.834519385077298e-08], "12": [0.0, 1.216031488863289e-07], "13": [0.0, 0.017171626753784183], "14": [0.0, 6.528406290978858e-08], "15": [0.0, 6.719180905203826e-08], "16": [0.0, 4.15752026812524e-08], "17": [0.0, 2.2574542439316847e-09], "18": [0.0, 6.747576697563633e-10], "19": [0.0, 0.0], "20": [0.0, 2.2789008370805732e-09], "21": [0.0, 3.3150738849913105e-09], "22": [0.0, 1.7127601019709773e-08], "23": [0.0, 2.151491009817628e-10], "24": [0.0, 9.5464661596706e-09], "25": [0.0, 3.7994695001964503e-08], "26": [0.0, 2.4467491783318812e-08], "27": [0.0, 2.9510031235358713e-09], "28": [0.0, 4.108140751616005e-09], "29": [0.0, 8.250343965548675e-09], "30": [0.0, 8.053310050870793e-09], "31": [0.0, 1.460634529845812e-09], "32": [0.5, 1.0], "33": [0.16666666666666666, 0.007739883837376216], "34": [1.0, 0.20397745211526577], "35": [0.0, 0.005264708134768044], "36": [0.0, 0.0007339975381098609], "37": [0.0, 0.009872576305377708], "38": [0.0, 0.01731330851843776], "39": [0.0, 0.021985391439599454], "40": [0.16666666666666666, 0.014461700012891347], "41": [0.16666666666666666, 0.014472185678610453], "42": [0.0, 0.0027194687462399367], "43": [0.0, 0.0061160943935196594], "44": [0.0, 0.020895847786853078], "45": [0.0, 0.08602808957945295], "46": [0.3333333333333333, 0.08271743972702883], "47": [0.3333333333333333, 0.19663797291979368], "48": [0.0, 0.04745853526847762], "49": [0.0, 0.040872899068262795], "50": [0.0, 0.03456346941227844], "51": [0.0, 0.02055911314745516], "52": [0.0, 0.013899029846440555], "53": [0.0, 0.015587576568517348], "54": [0.0, 0.011945118158394705], "55": [0.0, 0.013611749738975467], "56": [0.0, 0.012277180176390226], "57": [0.0, 0.012065495099657418], "58": [0.0, 0.03161771319733187], "59": [0.16666666666666666, 0.025311501436642927], "60": [0.3333333333333333, 0.18659631983888075], "61": [0.3333333333333333, 0.1473800712754735], "62": [0.3333333333333333, 0.18709230939054913], "63": [0.0, 0.006387280725824897], "64": [0.0, 0.000832174443103287], "65": [0.0, 0.02218633736130799], "66": [0.0, 0.011812372562111937], "67": [0.0, 0.023980560490433372], "68": [0.0, 0.021807042666105298], "69": [0.0, 0.024101955782278806], "70": [0.0, 0.016293556001625097], "71": [0.0, 0.009204505401554748], "72": [0.0, 0.013206364422301047], "73": [0.0, 0.01842989141600319], "74": [0.0, 0.0027719030121064175], "75": [0.0, 0.003877563541879657], "76": [0.16666666666666666, 0.01757827083279376], "77": [0.0, 0.021967777995199056], "78": [0.16666666666666666, 0.013945222907145447], "79": [0.0, 0.015849937154785766], "80": [0.0, 0.020188648727489926], "81": [0.0, 0.0017493453294009451], "82": [0.0, 0.016112995501786128], "83": [0.16666666666666666, 0.019849588783936657], "84": [0.16666666666666666, 0.032846627519772985], "85": [0.0, 0.008496835388833885], "86": [0.0, 0.004079168618078082], "87": [0.0, 0.0049164169462173396], "88": [0.0, 0.0019100103374619633], "89": [0.0, 0.006954608239491367], "90": [0.0, 0.0018333758548772473], "91": [0.0, 0.004025725007723201], "92": [0.0, 0.004127387765002046], "93": [0.0, 0.004026191295752972], "94": [0.0, 0.0001279564884743604], "95": [0.0, 0.02590662708865674], "96": [0.0, 5.4948782483153863e-05], "97": [1.0, 0.30700300622778776], "98": [0.0, 0.07202311589965862], "99": [0.6666666666666666, 0.1613774959994326], "100": [0.16666666666666666, 0.1782599801598475], "101": [0.5, 0.39596474622684485], "102": [0.16666666666666666, 0.07552935274739732], "103": [0.3333333333333333, 0.08554953553856057], "104": [0.16666666666666666, 0.13538951494465495], "105": [0.8333333333333334, 0.25225526223164135], "106": [0.16666666666666666, 0.013468737027326845], "107": [0.0, 0.021086176578425524], "108": [0.5, 0.2007972011950034], "109": [0.0, 0.1127422928421836], "110": [0.5, 0.20739287298915568], "111": [0.5, 0.22462718113285218], "112": [0.5, 0.12807100586591175], "113": [0.0, 0.005717643590984682], "114": [0.8333333333333334, 0.2293525073480584], "115": [0.5, 0.24835848621238102], "116": [0.8333333333333334, 0.3445687166033028], "117": [0.16666666666666666, 0.09090439675336567], "118": [0.16666666666666666, 0.05993180894095127], "119": [0.3333333333333333, 0.055735645179012354], "120": [0.0, 0.022235974473938606], "121": [0.0, 0.05488023411992482], "122": [0.0, 0.0047423904942224876], "123": [0.0, 0.00479570047116239], "124": [0.0, 0.00248513256665835], "125": [0.0, 0.004800133242332181], "126": [0.0, 0.00012054652959864469], "127": [0.0, 2.017642202779783e-07], "128": [0.0, 0.0005815118159060782], "129": [0.0, 0.00019634340992701375], "130": [0.0, 0.00013024307401008955], "131": [0.0, 0.00010876477892592596], "132": [0.0, 8.158984920318257e-05], "133": [0.0, 5.504288842777721e-05], "134": [0.0, 3.763697825258048e-05], "135": [0.0, 8.246866190613957e-05], "136": [0.0, 8.108039329573776e-05], "137": [0.0, 5.880090205837979e-05], "138": [0.0, 6.549998591020479e-05], "139": [0.0, 5.43367199605593e-05], "140": [0.0, 7.12425457442893e-05], "141": [0.0, 5.425236068344978e-05], "142": [0.0, 2.480246400609587e-05], "143": [0.0, 4.474243980313535e-05], "144": [0.0, 3.709774928087221e-05], "145": [0.0, 4.8514878298488703e-05], "146": [0.0, 3.111936607589413e-05], "147": [0.0, 9.510573663578905e-05], "148": [0.0, 8.722673242278797e-05], "149": [0.0, 5.865527628394928e-05], "150": [0.0, 7.477620758621015e-05], "151": [0.0, 6.288399183473689e-05], "152": [0.0, 5.368098213547428e-05], "153": [0.0, 0.00022010451954501318], "154": [0.0, 5.6704892926471015e-05], "155": [0.0, 3.7423498732780745e-05], "156": [0.0, 0.00014320926811636357], "157": [0.0, 8.906186804534842e-05], "158": [0.0, 3.287680202098794e-05], "159": [0.0, 4.2866577232012974e-05], "160": [0.0, 0.0005067543236875226], "161": [0.0, 0.00011476707854384197], "162": [0.0, 8.856378718654357e-05], "163": [0.3333333333333333, 6.980815402064064e-05], "164": [0.0, 0.0002042709038841504], "165": [0.0, 9.489567266825948e-05], "166": [0.16666666666666666, 9.151532295162586e-05], "167": [0.0, 9.56455685936462e-05], "168": [0.0, 9.86710665568693e-05], "169": [0.0, 0.00011508409780144534], "170": [0.16666666666666666, 7.143439240726396e-05], "171": [0.0, 4.746335079113653e-05], "172": [0.3333333333333333, 5.8849230281453234e-05], "173": [0.0, 9.819233016492743e-05], "174": [0.0, 6.590867753458876e-05], "175": [0.0, 6.111245721999631e-05], "176": [0.0, 0.00012267447037097738], "177": [0.0, 0.00010005266742432187], "178": [0.0, 8.598710480078898e-05], "179": [0.0, 6.996792608854852e-05], "180": [0.0, 8.455942915150211e-05], "181": [0.3333333333333333, 9.488005635204006e-05], "182": [0.0, 3.824452982336557e-05], "183": [0.0, 9.646445794514237e-05], "184": [0.0, 0.0003263080543692957], "185": [0.6666666666666666, 0.00014255709632815758], "186": [0.0, 0.00011084003119998791], "187": [0.3333333333333333, 0.00012018065513462287], "188": [0.8333333333333334, 0.00011419040598640117], "189": [0.0, 9.665603348748667e-05], "190": [0.0, 9.294902462601738e-05], "191": [0.16666666666666666, 8.5438899593681e-05], "192": [0.0, 6.268277201563224e-06], "193": [0.0, 6.15467760858797e-06], "194": [0.3333333333333333, 0.0005195354301320909], "195": [0.3333333333333333, 0.00030773250412026253], "196": [0.8333333333333334, 6.005372793634535e-05], "197": [0.0, 3.149564891714823e-05], "198": [0.16666666666666666, 1.1174887610363537e-05], "199": [0.5, 7.389597665062504e-06], "200": [0.0, 1.3471832592043773e-05], "201": [0.0, 1.2099017323082002e-05], "202": [0.16666666666666666, 1.898718685681532e-05], "203": [0.0, 1.0627632438497819e-05], "204": [0.0, 1.0442791102135392e-05], "205": [0.0, 9.634661770204854e-06], "206": [0.16666666666666666, 9.342935980445793e-05],