{"0": [0.0, 0.0], "1": [0.0, 0.0], "2": [0.0, 0.0], "3": [0.0, 0.0], "4": [0.0, 0.0], "5": [0.0, 0.0], "6": [0.0, 0.0], "7": [0.0, 0.0], "8": [0.0, 0.0], "9": [0.003076923076923077, 0.0029954617806372853], "10": [0.11384615384615385, 0.12114445074220083], "11": [0.0, 0.0], "12": [0.0, 0.0], "13": [0.0, 0.0], "14": [0.0, 0.0], "15": [0.0, 0.0], "16": [0.0, 0.0], "17": [0.0, 0.0], "18": [0.0, 0.0], "19": [0.0, 0.0], "20": [0.0, 0.0], "21": [0.0, 0.0], "22": [0.0, 0.0], "23": [0.0, 0.0], "24": [0.0, 0.0], "25": [0.0, 0.0], "26": [0.0, 0.0], "27": [0.0, 0.0], "28": [0.0, 0.0], "29": [0.0, 0.0], "30": [0.0, 0.0], "31": [0.0, 0.0], "32": [1.0, 1.0], "33": [0.004923076923076923, 0.0047491854183921356], "34": [0.06153846153846154, 0.05924977024937541], "35": [0.06953846153846154, 0.066888414354852], "36": [0.05046153846153846, 0.048672603708701766], "37": [0.0012307692307692308, 0.001188822501812353], "38": [0.01723076923076923, 0.016569943949180713], "39": [0.152, 0.2368124720792022], "40": [0.02276923076923077, 0.021898595156240687], "41": [0.030153846153846153, 0.02899490263397104], "42": [0.0036923076923076922, 0.003552118128135123], "43": [0.0012307692307692308, 0.001188822501812353], "44": [0.003076923076923077, 0.002981163192708786], "45": [0.09476923076923077, 0.13788646485204759], "46": [0.15507692307692308, 0.12960235053059033], "47": [0.07815384615384616, 0.12052007468409986], "48": [0.17846153846153845, 0.21425128668161908], "49": [0.11015384615384616, 0.17578089825103727], "50": [0.03076923076923077, 0.07917074967966736], "51": [0.05415384615384616, 0.07927931180159443], "52": [0.028923076923076923, 0.09669764660350579], "53": [0.04923076923076923, 0.06916158722085737], "54": [0.008, 0.0385465220145407], "55": [0.038153846153846156, 0.05796958008759642], "56": [0.01723076923076923, 0.03485183421651213], "57": [0.032615384615384616, 0.05867191712992335], "58": [0.027692307692307693, 0.037963345143526527], "59": [0.02707692307692308, 0.026068630795869782], "60": [0.0043076923076923075, 0.004145617284200037], "61": [0.03569230769230769, 0.0457364185512657], "62": [0.00676923076923077, 0.006513035304745115], "63": [0.019692307692307693, 0.03028011711344604], "64": [0.0, 0.0], "65": [0.06338461538461539, 0.01261918590000725], "66": [0.0, 0.0009069549343018401], "67": [0.012307692307692308, 0.014046596417331313], "68": [0.03753846153846154, 0.032821637426682274], "69": [0.021538461538461538, 0.021761368138068424], "70": [0.02523076923076923, 0.05491759103387916], "71": [0.008615384615384615, 0.015869365888240356], "72": [0.004923076923076923, 0.02378988256808151], "73": [0.02707692307692308, 0.04115355794595681], "74": [0.0, 0.0044467333117493265], "75": [0.0, 0.00017771147635402805], "76": [0.005538461538461538, 0.00590113379644163], "77": [0.036307692307692305, 0.00529121143993325], "78": [0.005538461538461538, 0.007109106807834454], "79": [0.02707692307692308, 0.028851250210676395], "80": [0.004923076923076923, 0.03166680965353456], "81": [0.0, 9.70657448779309e-06], "82": [0.025846153846153845, 0.04684113698784198], "83": [0.006153846153846154, 0.008541900221673516], "84": [0.009230769230769232, 0.00999859670268274], "85": [0.0024615384615384616, 0.0030158909648569836], "86": [0.0024615384615384616, 0.0024558780034230334], "87": [0.0043076923076923075, 0.0042406902762698795], "88": [0.0, 0.00017509609337121833], "89": [0.0024615384615384616, 0.002614518882831402], "90": [0.0, 0.0002320345734469992], "91": [0.011076923076923076, 0.010711611694025706], "92": [0.009846153846153846, 0.009463782768746546], "93": [0.011076923076923076, 0.010711611694025706], "94": [0.003076923076923077, 0.002956794782387685], "95": [0.023384615384615386, 0.08698630642159769], "96": [0.0, 3.266314387377123e-05], "97": [0.20307692307692307, 0.2537942147162944], "98": [0.060307692307692305, 0.08572135937367156], "99": [0.15507692307692308, 0.20173833871872582], "100": [0.16553846153846155, 0.23719698180131385], "101": [0.24369230769230768, 0.2739156737489297], "102": [0.112, 0.1247527999820239], "103": [0.060307692307692305, 0.10107038152460494], "104": [0.09107692307692308, 0.11118942518528764], "105": [0.14584615384615385, 0.18989469754356122], "106": [0.0006153846153846154, 0.0010032087450509634], "107": [0.02707692307692308, 0.02674034535805691], "108": [0.184, 0.23114106492471936], "109": [0.060307692307692305, 0.05476931118984514], "110": [0.11076923076923077, 0.1622043911197007], "111": [0.19446153846153846, 0.2690282352607248], "112": [0.044307692307692305, 0.07494711695031855], "113": [0.012307692307692308, 0.0037663534793361333], "114": [0.06769230769230769, 0.0793923331157498], "115": [0.10338461538461538, 0.1181339974620814], "116": [0.15569230769230769, 0.16392001774973852], "117": [0.04923076923076923, 0.04828286099215074], "118": [0.018461538461538463, 0.019744466028370686], "119": [0.11138461538461539, 0.16486822839873147], "120": [0.003076923076923077, 0.004850784678197683], "121": [0.01353846153846154, 0.01357900028287601], "122": [0.0012307692307692308, 0.0018894038251801761], "123": [0.005538461538461538, 0.005368927119568656], "124": [0.011076923076923076, 0.010666897377389824], "125": [0.005538461538461538, 0.005368927119568656], "126": [0.0, 0.0], "127": [0.0, 0.0], "128": [0.0, 0.0], "129": [0.0, 0.0], "130": [0.0, 0.0], "131": [0.0, 0.0], "132": [0.0, 0.0], "133": [0.0, 0.0], "134": [0.0, 0.0], "135": [0.0, 0.0], "136": [0.0, 0.0], "137": [0.0, 0.0], "138": [0.0, 0.0], "139": [0.0, 0.0], "140": [0.0, 0.0], "141": [0.0, 0.0], "142": [0.0, 0.0], "143": [0.0, 0.0], "144": [0.0, 0.0], "145": [0.0, 0.0], "146": [0.0, 0.0], "147": [0.0, 0.0], "148": [0.0, 0.0], "149": [0.0, 0.0], "150": [0.0, 0.0], "151": [0.0, 0.0], "152": [0.0, 0.0], "153": [0.0, 0.0], "154": [0.0, 0.0], "155": [0.0, 0.0], "156": [0.0, 0.0], "157": [0.0, 0.0], "158": [0.0, 0.0], "159": [0.0, 0.0], "160": [0.0, 0.0], "161": [0.0, 0.0], "162": [0.0, 0.0], "163": [0.0, 0.0], "164": [0.0, 0.0], "165": [0.0, 0.0], "166": [0.0, 0.0], "167": [0.0, 0.0], "168": [0.0, 0.0], "169": [0.0, 0.0], "170": [0.0, 0.0], "171": [0.0, 0.0], "172": [0.0, 0.0], "173": [0.0, 0.0], "174": [0.0, 0.0], "175": [0.0, 0.0], "176": [0.0, 0.0], "177": [0.0, 0.0], "178": [0.0, 0.0], "179": [0.0, 0.0], "180": [0.0, 0.0], "181": [0.0, 0.0], "182": [0.0, 0.0], "183": [0.0, 0.0], "184": [0.0, 0.0], "185": [0.0, 0.0], "186": [0.0, 0.0], "187": [0.0, 0.0], "188": [0.0, 0.0], "189": [0.0, 0.0], "190": [0.0, 0.0], "191": [0.0, 0.0], "192": [0.0, 0.0], "193": [0.0, 0.0], "194": [0.0, 0.0], "195": [0.0, 0.0], "196": [0.0, 0.0], "197": [0.0, 0.0], "198": [0.0, 0.0], "199": [0.0, 0.0], "200": [0.0, 0.0], "201": [0.0, 0.0], "202": [0.0, 0.0], "203": [0.0, 0.0], "204": [0.0, 0.0], "205": [0.0, 0.0], "206": [0.0, 0.0], "207": [0.0, 0.0], "208": [0.0, 0.0], "209": [0.0, 0.0], "210": [0.0, 0.0], "211": [0.0, 0.0], "212": [0.0, 0.0], "213": [0.0, 0.0], "214": [0.0, 0.0], "215": [0.0, 0.0], "216": [0.0, 0.0], "217": [0.0, 0.0], "218": [0.0, 0.0], "219": [0.0, 0.0], "220": [0.0, 0.0], "221": [0.0, 0.0], "222": [0.0, 0.0], "223": [0.0, 0.0], "224": [0.0, 0.0], "225": [0.0, 0.0], "226": [0.0, 0.0], "227": [0.0, 0.0], "228": [0.0, 0.0], "229": [0.0, 0.0], "230": [0.0, 0.0], "231": [0.0, 0.0], "232": [0.0, 0.0], "233": [0.0, 0.0], "234": [0.0, 0.0], "235": [0.0, 0.0], "236": [0.0, 0.0], "237": [0.0, 0.0], "238": [0.0, 0.0], "239": [0.0, 0.0], "240": [0.0, 0.0], "241": [0.0, 0.0], "242": [0.0, 0.0], "243": [0.0, 0.0], "244": [0.0, 0.0], "245": [0.0, 0.0], "246": [0.0, 0.0], "247": [0.0, 0.0], "248": [0.0, 0.0], "249": [0.0, 0.0], "250": [0.0, 0.0], "251": [0.0, 0.0], "252": [0.0, 0.0], "253": [0.0, 0.0], "254": [0.0, 0.0], "255": [0.0, 0.0]}